,Date,Price,High,Low,Close,Volume,Adj Close
0,2013-11-11,11,11.25,8.56,9.13,22374300,9.13
1,2013-11-18,9.25,9.5,7.45,7.49,4151800,7.49
2,2013-11-25,7.37,8.6,7.31,8.21,3226300,8.21
3,2013-12-02,8.29,9.8,8.2,9.57,3836200,9.57
4,2013-12-09,9.66,9.68,7.96,8.01,3919000,8.01
5,2013-12-16,8.02,8.7,8.02,8.41,3860500,8.41
6,2013-12-23,8.42,8.58,8.22,8.35,1316200,8.35
7,2013-12-30,8.4,8.9,8.13,8.21,2015600,8.21
8,2014-01-06,8.24,8.5,7.57,7.61,3789200,7.61
9,2014-01-13,7.61,7.65,7.05,7.25,3744400,7.25
10,2014-01-20,7.34,7.39,7.11,7.21,1700800,7.21
11,2014-01-27,7.2,7.29,6.64,6.67,2902100,6.67
12,2014-02-03,6.64,7.15,6.32,7.12,3295100,7.12
13,2014-02-10,7.17,7.99,6.08,6.17,7859900,6.17
14,2014-02-17,6.23,6.71,6.09,6.4,3481000,6.4
15,2014-02-24,6.65,6.65,6.28,6.3,2809200,6.3
16,2014-03-03,6.27,6.45,6.23,6.38,1548900,6.38
17,2014-03-10,6.39,6.78,6.25,6.53,1633700,6.53
18,2014-03-17,6.53,7.19,6.53,7.19,2322900,7.19
19,2014-03-24,7.15,7.44,6.8,6.93,2435500,6.93
20,2014-03-31,6.95,7.34,6.63,6.81,1818700,6.81
21,2014-04-07,6.8,6.8,5.49,5.72,2316000,5.72
22,2014-04-14,5.73,5.87,4.98,5.5,1615700,5.5
23,2014-04-21,5.5,5.54,5.16,5.31,1555700,5.31
24,2014-04-28,5.35,6.14,5.17,5.82,3336300,5.82
25,2014-05-05,5.77,6,5.16,5.21,2409700,5.21
26,2014-05-12,5,5.49,4.82,5.27,3244200,5.27
27,2014-05-19,5.18,5.6,5.17,5.51,2587400,5.51
28,2014-05-26,5.55,5.75,5.45,5.57,1367100,5.57
29,2014-06-02,5.6,6.3,5.4,6.28,3033700,6.28
30,2014-06-09,6.3,7,6.15,6.37,4143600,6.37
31,2014-06-16,6.4,7.95,6.4,7.72,5473500,7.72
32,2014-06-23,7.7,8.11,6.58,7.29,11356400,7.29
33,2014-06-30,7.29,7.29,6.65,6.84,2474800,6.84
34,2014-07-07,6.82,6.82,6.39,6.5,2061500,6.5
35,2014-07-14,6.56,6.68,5.76,6.02,2139000,6.02
36,2014-07-21,5.98,6.24,5.86,6.05,1688900,6.05
37,2014-07-28,6.08,6.53,6.01,6.44,3000300,6.44
38,2014-08-04,6.43,7.49,5.83,7.03,7558000,7.03
39,2014-08-11,7.01,7.31,6.82,7.18,1989400,7.18
40,2014-08-18,7.24,7.4,6.78,6.85,2374000,6.85
41,2014-08-25,6.89,7.07,6.72,6.91,1591500,6.91
42,2014-09-01,6.94,6.98,6.29,6.78,1873000,6.78
43,2014-09-08,6.77,6.91,6.53,6.58,1445700,6.58
44,2014-09-15,6.56,6.7,6.36,6.48,2436100,6.48
45,2014-09-22,6.45,6.45,6.04,6.15,1885800,6.15
46,2014-09-29,6.1,6.45,6.1,6.4,2402900,6.4
47,2014-10-06,6.42,6.5,5.7,5.76,3522300,5.76
48,2014-10-13,5.77,6.5,5.53,6.05,2282600,6.05
49,2014-10-20,6.01,6.23,5.8,6.15,1547700,6.15
50,2014-10-27,6.14,6.7,5.95,6.65,2099500,6.65
51,2014-11-03,6.69,6.81,6,6.72,2913400,6.72
52,2014-11-10,6.71,7.08,6.68,6.9,2134300,6.9
53,2014-11-17,6.9,7,6.37,6.76,1244400,6.76
54,2014-11-24,6.77,6.94,6.65,6.76,927100,6.76
55,2014-12-01,6.75,6.82,6.31,6.41,1724200,6.41
56,2014-12-08,6.35,6.6,6.14,6.41,1205900,6.41
57,2014-12-15,6.42,6.75,6.34,6.61,1954000,6.61
58,2014-12-22,6.63,7.05,6.57,7.01,1126200,7.01
59,2014-12-29,7.02,7.05,6.8,7,993700,7
60,2015-01-05,6.96,7.25,6.49,7.09,1929800,7.09
61,2015-01-12,7.14,7.2,6.53,6.71,1440800,6.71
62,2015-01-19,6.7,7.21,6.52,7.13,1036900,7.13
63,2015-01-26,7.1,7.25,6.61,6.63,1687900,6.63
64,2015-02-02,6.64,6.87,6.5,6.7,1034800,6.7
65,2015-02-09,6.67,6.8,6.35,6.44,1214200,6.44
66,2015-02-16,6.47,6.7,6.4,6.44,1191100,6.44
67,2015-02-23,6.45,8.71,6.38,8.12,17071600,8.12
68,2015-03-02,8.16,8.85,7.91,8.3,7782300,8.3
69,2015-03-09,8.29,8.75,8.14,8.5,2958500,8.5
70,2015-03-16,8.57,8.61,8.32,8.45,2533100,8.45
71,2015-03-23,8.5,8.56,7.89,7.99,3061400,7.99
72,2015-03-30,7.99,8.09,7.65,7.85,1399800,7.85
73,2015-04-06,7.83,8.2,7.76,8,1875500,8
74,2015-04-13,7.99,8.25,7.76,7.97,2332600,7.97
75,2015-04-20,7.98,8.19,7.9,8.06,1557700,8.06
76,2015-04-27,8.1,8.18,7.34,7.46,2428100,7.46
77,2015-05-04,7.45,8.72,7.2,8.5,6517200,8.5
78,2015-05-11,8.44,8.77,8.12,8.18,3407100,8.18
79,2015-05-18,8.18,8.2,7.77,7.82,1864900,7.82
80,2015-05-25,7.81,7.89,7.51,7.61,2063600,7.61
81,2015-06-01,7.6,8,7.52,7.88,4483900,7.88
82,2015-06-08,7.85,7.96,7.64,7.69,6404400,7.69
83,2015-06-15,7.62,8.04,7.52,7.94,2757800,7.94
84,2015-06-22,7.97,8.09,7.65,7.84,2313200,7.84
85,2015-06-29,7.8,7.87,7.52,7.72,2500000,7.72
86,2015-07-06,7.64,8.45,7.57,8.3,3006900,8.3
87,2015-07-13,8.3,8.42,8.05,8.11,2126800,8.11
88,2015-07-20,8.13,8.31,7.91,8.05,2166700,8.05
89,2015-07-27,7.96,8.4,7.91,8.31,3620600,8.31
90,2015-08-03,8.33,8.84,8.28,8.4,6462200,8.4
91,2015-08-10,8.41,8.61,8.25,8.57,6002200,8.57
92,2015-08-17,8.52,8.81,7.54,7.62,5795500,7.62
93,2015-08-24,7.3,7.74,7.03,7.66,5228600,7.66
94,2015-08-31,7.63,7.63,7.14,7.34,2054500,7.34
95,2015-09-07,7.47,7.63,7.2,7.45,1871000,7.45
96,2015-09-14,7.46,8,7.41,8,3566200,8
97,2015-09-21,8,8.07,7.39,7.43,2821100,7.43
98,2015-09-28,7.42,7.49,6.9,7.3,2472400,7.3
99,2015-10-05,7.4,7.6,7.11,7.26,1742400,7.26
100,2015-10-12,7.28,7.35,6.89,7.34,1495200,7.34
101,2015-10-19,7.32,7.54,6.99,7.24,1298800,7.24
102,2015-10-26,7.23,7.38,6.74,6.9,2164400,6.9
103,2015-11-02,6.9,8.03,6.79,7.72,5385500,7.72
104,2015-11-09,7.69,7.75,6.71,6.75,1857700,6.75
105,2015-11-16,6.74,7.41,6.55,7.15,1945100,7.15
106,2015-11-23,7.11,7.38,7.05,7.28,679000,7.28
107,2015-11-30,7.28,7.39,6.92,7.08,1513900,7.08
108,2015-12-07,7.06,7.29,6.64,6.91,1450400,6.91
109,2015-12-14,6.91,7.48,6.85,7.07,2146500,7.07
110,2015-12-21,7.1,7.19,6.88,7.03,695300,7.03
111,2015-12-28,6.98,7.16,6.7,6.73,1247600,6.73
112,2016-01-04,6.67,6.67,5.97,6.24,3588300,6.24
113,2016-01-11,6.3,6.49,5.8,6.01,2784400,6.01
114,2016-01-18,6.11,6.11,5.57,5.9,1900200,5.9
115,2016-01-25,5.86,5.92,5.46,5.8,2418900,5.8
116,2016-02-01,5.74,5.83,5.28,5.29,1986700,5.29
117,2016-02-08,5.22,5.22,4.75,4.86,2160300,4.86
118,2016-02-15,4.92,5.22,4.8,5.2,2180900,5.2
119,2016-02-22,5.27,5.43,3.15,4.24,18869100,4.24
120,2016-02-29,4.25,4.6,4.25,4.4,3860200,4.4
121,2016-03-07,4.41,4.54,4.3,4.5,2244900,4.5
122,2016-03-14,4.5,4.58,4.21,4.55,1921700,4.55
123,2016-03-21,4.55,4.58,4.03,4.12,2055100,4.12
124,2016-03-28,4.18,4.51,4.1,4.29,2319600,4.29
125,2016-04-04,4.31,4.5,4.26,4.31,1781700,4.31
126,2016-04-11,4.35,4.57,4.3,4.44,1887200,4.44
127,2016-04-18,4.44,4.66,4.39,4.66,1671000,4.66
128,2016-04-25,4.66,4.76,4.51,4.54,1521900,4.54
129,2016-05-02,4.59,4.9,4.26,4.36,3494900,4.36
130,2016-05-09,4.34,4.63,4.3,4.42,2519800,4.42
131,2016-05-16,4.4,4.58,4.31,4.54,2581200,4.54
132,2016-05-23,4.56,4.85,4.54,4.83,1985200,4.83
133,2016-05-30,4.86,5.01,4.82,4.93,1480000,4.93
134,2016-06-06,4.92,5.08,4.79,4.87,2062500,4.87
135,2016-06-13,4.8,4.97,4.67,4.84,1542300,4.84
136,2016-06-20,4.89,5.13,4.84,4.85,2028700,4.85
137,2016-06-27,4.8,5.1,4.58,5.06,1735800,5.06
138,2016-07-04,5,5.3,4.82,5.29,1012000,5.29
139,2016-07-11,5.25,5.81,5.25,5.51,2378400,5.51
140,2016-07-18,5.52,5.61,5.41,5.45,1010400,5.45
141,2016-07-25,5.4,5.49,5.28,5.39,1516700,5.39
142,2016-08-01,5.42,6.62,5.4,6.6,5794400,6.6
143,2016-08-08,6.59,6.87,6.5,6.86,1746300,6.86
144,2016-08-15,6.8,7,6.79,6.93,2038500,6.93
145,2016-08-22,6.85,7.06,6.66,6.97,2625600,6.97
146,2016-08-29,6.95,7.01,6.62,6.83,1268300,6.83
147,2016-09-05,6.86,7.13,6.84,6.96,1820300,6.96
148,2016-09-12,6.92,7.15,6.82,7.02,3359500,7.02
149,2016-09-19,7.04,7.29,7.01,7.18,4275600,7.18
150,2016-09-26,7.17,7.21,7,7.09,2857600,7.09
151,2016-10-03,7.05,7.33,6.94,7.25,5844400,7.25
152,2016-10-10,7.26,7.33,6.68,6.77,2179900,6.77
153,2016-10-17,6.75,6.8,6.6,6.76,1083500,6.76
154,2016-10-24,6.82,6.92,6.62,6.63,1388300,6.63
155,2016-10-31,6.63,6.86,6.51,6.78,2720500,6.78
156,2016-11-07,6.94,8.09,6.55,8.05,5064800,8.05
157,2016-11-14,8.05,8.32,7.11,7.95,6427700,7.95
158,2016-11-21,8.06,8.57,7.94,8.48,2797000,8.48
159,2016-11-28,8.49,8.49,7.67,7.69,2971600,7.69
160,2016-12-05,7.78,8.38,7.7,8.22,3210900,8.22
161,2016-12-12,8.19,8.22,7.8,7.89,2370500,7.89
162,2016-12-19,7.88,8.04,7.56,7.6,1207600,7.6
163,2016-12-26,7.6,7.7,7.3,7.38,1390000,7.38
164,2017-01-02,7.42,7.6,7.26,7.49,1807500,7.49
165,2017-01-09,7.46,7.71,7.2,7.65,1970200,7.65
166,2017-01-16,7.63,7.63,7.08,7.24,1604600,7.24
167,2017-01-23,7.22,7.5,7.1,7.24,1499000,7.24
168,2017-01-30,7.17,7.25,6.84,6.96,1657700,6.96
169,2017-02-06,6.95,7.21,6.87,7.19,1495000,7.19
170,2017-02-13,7.26,8.27,7.21,8.04,4946500,8.04
171,2017-02-20,8.05,8.3,8,8.2,2088100,8.2
172,2017-02-27,8.23,8.24,7.89,8.05,1715900,8.05
173,2017-03-06,7.97,8.06,7.81,7.94,2085500,7.94
174,2017-03-13,7.94,8.27,7.87,8.2,1709100,8.2
175,2017-03-20,8.18,8.35,7.91,8.14,2351800,8.14
176,2017-03-27,8.02,8.47,7.95,8.44,1703300,8.44
177,2017-04-03,8.46,8.78,8.09,8.38,3449100,8.38
178,2017-04-10,8.35,8.4,8.04,8.05,1177500,8.05
179,2017-04-17,8.07,8.33,8.04,8.25,1602100,8.25
180,2017-04-24,8.38,9.07,8.26,9.01,3691200,9.01
181,2017-05-01,9.05,12.1,8.97,11.49,21515500,11.49
182,2017-05-08,11.5,11.73,11.36,11.53,4517800,11.53
183,2017-05-15,11.55,11.71,11.25,11.5,4426800,11.5
184,2017-05-22,11.6,12.19,11.53,11.97,6856800,11.97
185,2017-05-29,12,12.59,11.47,12.5,6577900,12.5
186,2017-06-05,12.52,13,12.18,12.35,8784000,12.35
187,2017-06-12,12.31,12.62,11.53,11.68,6647200,11.68
188,2017-06-19,11.72,12.92,11.63,12.77,7517800,12.77
189,2017-06-26,12.82,13.1,12.27,12.29,4841700,12.29
190,2017-07-03,12.3,12.3,11.93,12.24,1680500,12.24
191,2017-07-10,12.27,13.66,12.07,13.66,5541000,13.66
192,2017-07-17,13.66,14.33,13.49,13.88,6208500,13.88
193,2017-07-24,13.94,15.37,13.43,14.14,8959800,14.14
194,2017-07-31,14.14,15.95,13.21,14.96,14598000,14.96
195,2017-08-07,15.05,15.38,14.65,15.03,7489200,15.03
196,2017-08-14,15.26,15.43,14.39,14.63,5626000,14.63
197,2017-08-21,14.66,15.12,14.03,14.03,3855600,14.03
198,2017-08-28,14.03,14.34,13.63,13.82,5813400,13.82
199,2017-09-04,13.75,14.25,13.52,13.94,3341700,13.94
200,2017-09-11,14.1,15.17,14.02,14.59,5750900,14.59
201,2017-09-18,14.64,15.36,14.17,14.66,4013600,14.66
202,2017-09-25,14.65,15.17,14.22,14.84,3782800,14.84
203,2017-10-02,14.83,15.65,14.8,15.38,4677700,15.38
204,2017-10-09,15.35,15.56,15.13,15.51,2143000,15.51
205,2017-10-16,15.51,16.23,15.4,15.86,5198800,15.86
206,2017-10-23,15.99,16.49,15.12,16.48,4580200,16.48
207,2017-10-30,16.5,16.5,14.25,14.74,11420700,14.74
208,2017-11-06,14.74,14.88,13.75,14.09,5316300,14.09
209,2017-11-13,14.05,14.94,13.8,14.51,4286400,14.51
210,2017-11-20,14.71,15,14.19,14.91,2778400,14.91
211,2017-11-27,14.88,15.52,14.72,15.44,4603200,15.44
212,2017-12-04,15.49,15.5,13.83,15,3754100,15
213,2017-12-11,14.93,16,14.89,15.69,3526500,15.69
214,2017-12-18,15.83,16.67,15.81,16.29,5304500,16.29
215,2017-12-25,16.19,16.61,16.08,16.32,2093700,16.32
216,2018-01-01,16.35,17.04,16.28,16.79,2914100,16.79
217,2018-01-08,16.79,17.03,16.53,16.74,2241500,16.74
218,2018-01-15,16.82,16.89,15.79,16.47,2583700,16.47
219,2018-01-22,16.48,17.36,16.34,17.34,3020100,17.34
220,2018-01-29,17.28,17.42,16.85,17.06,3474400,17.06
221,2018-02-05,16.83,17.22,15.47,15.93,5500800,15.93
222,2018-02-12,16,19.96,15.85,19.57,17042900,19.57
223,2018-02-19,19.54,20.78,19.26,20.35,5618000,20.35
224,2018-02-26,20.38,21.09,19.42,21.07,5786700,21.07
225,2018-03-05,20.92,23.22,20.78,22.23,8516000,22.23
226,2018-03-12,22.27,22.73,21.25,21.28,6917600,21.28
227,2018-03-19,21.19,22.39,20.98,21.32,6767800,21.32
228,2018-03-26,21.63,22.45,19.5,20.66,10875700,20.66
229,2018-04-02,20.66,21.11,19.77,20.8,5010200,20.8
230,2018-04-09,20.88,21.97,20.79,21.75,5087300,21.75
231,2018-04-16,21.84,23.54,21.49,22.5,7387400,22.5
232,2018-04-23,22.64,22.88,20.4,22.6,8807200,22.6
233,2018-04-30,22.57,24.01,21.38,23.88,10010300,23.88
234,2018-05-07,24.05,25.59,24,25.28,8135300,25.28
235,2018-05-14,25.31,26.38,24.16,26.3,7624200,26.3
236,2018-05-21,26.42,26.91,25.5,26.84,4275600,26.84
237,2018-05-28,26.6,28.22,26.6,28.1,5470900,28.1
238,2018-06-04,28.25,28.85,27.64,28.47,6800600,28.47
239,2018-06-11,28.43,29.55,28.21,29.04,8746500,29.04
240,2018-06-18,28.79,29.76,27.13,27.91,8531600,27.91
241,2018-06-25,27.61,28.15,26.37,27.79,6089300,27.79
242,2018-07-02,27.53,29.1,27.28,28.76,3419400,28.76
243,2018-07-09,29.06,29.41,28.51,28.92,3707600,28.92
244,2018-07-16,29.08,29.54,28.67,29.06,4307500,29.06
245,2018-07-23,28.95,29.84,27.18,27.3,4550600,27.3
246,2018-07-30,27.34,28.51,25.38,27.13,13442400,27.13
247,2018-08-06,27.13,29.69,27.07,29.51,4505400,29.51
248,2018-08-13,29.52,30.25,28.81,30.21,4996100,30.21
249,2018-08-20,30.39,31.65,30.14,31.37,3687300,31.37
250,2018-08-27,31.5,32.71,30.99,32.38,5137800,32.38
251,2018-09-03,32.36,32.82,30.15,31.28,3689200,31.28
252,2018-09-10,31.71,32.14,30.56,31.71,4869700,31.71
253,2018-09-17,31.66,31.94,30.52,31.52,4544000,31.52
254,2018-09-24,31.33,32.55,26.54,28.43,13669800,28.43
255,2018-10-01,28.5,29.49,26.9,27.87,8426600,27.87
256,2018-10-08,27.72,28.19,24.81,25.5,7100200,25.5
257,2018-10-15,25.47,27.34,25,25.26,4210900,25.26
258,2018-10-22,25.36,26.14,23.32,23.8,6506200,23.8
259,2018-10-29,24.27,28.2,22.67,26.72,13931900,26.72
260,2018-11-05,26.77,27.99,25.97,27.09,5953800,27.09
261,2018-11-12,26.92,26.99,25.65,26.34,10021200,26.34
262,2018-11-19,26.25,26.47,23.21,25.12,3379900,25.12
263,2018-11-26,25.41,28.33,25.22,27.95,6054200,27.95
264,2018-12-03,28.5,29.03,27.02,28.69,5325800,28.69
265,2018-12-10,28.61,30.35,28.42,29.21,5985100,29.21
266,2018-12-17,29.08,30.24,25.72,25.89,7493700,25.89
267,2018-12-24,25.66,28.64,25.16,28,3158100,28
268,2018-12-31,28.2,29.99,27.58,29.88,3320800,29.88
269,2019-01-07,29.84,33.25,29.69,32.36,7698500,32.36
270,2019-01-14,32.1,34.09,31.56,33.9,6239900,33.9
271,2019-01-21,33.96,34.79,32.99,34.64,6765500,34.64
272,2019-01-28,34.09,35.62,33.86,35.4,5633900,35.4
273,2019-02-04,35.36,36.05,33.25,34.4,7836900,34.4
274,2019-02-11,34.53,38.76,34.19,37.76,17385700,37.76
275,2019-02-18,37.76,39.16,37.15,39.13,5752800,39.13
276,2019-02-25,39.37,40.55,38.46,40.42,7883500,40.42
277,2019-03-04,40.4,40.41,38.14,39.46,6155000,39.46
278,2019-03-11,39.54,41.66,39.35,41.09,6615800,41.09
279,2019-03-18,41.07,41.69,36.64,36.76,23708600,36.76
280,2019-03-25,36.59,38.55,36.07,38.12,18174100,38.12
281,2019-04-01,38.07,39.12,36.84,37.02,9605800,37.02
282,2019-04-08,37.12,37.85,36.78,37.32,6137100,37.32
283,2019-04-15,37.43,39.02,36.92,37.8,6466600,37.8
284,2019-04-22,37.59,40.3,37.1,40.08,7994500,40.08
285,2019-04-29,40.26,40.27,34.53,37.32,21016400,37.32
286,2019-05-06,36.06,37.45,35.48,36.7,6783000,36.7
287,2019-05-13,35.82,37.85,34.86,37.45,7751200,37.45
288,2019-05-20,36.83,38.04,35.49,36.74,5543000,36.74
289,2019-05-27,36.62,37.85,35.79,37.46,5872500,37.46
290,2019-06-03,37.35,39.98,35.52,39.38,7692100,39.38
291,2019-06-10,39.83,40.16,37.82,38.99,4702200,38.99
292,2019-06-17,39.09,40.64,38.97,39.3,5311600,39.3
293,2019-06-24,39.33,39.65,36.54,38.59,7158000,38.59
294,2019-07-01,39.43,40.7,39.07,40.55,3917900,40.55
295,2019-07-08,40.57,44.85,40.54,44.26,12311200,44.26
296,2019-07-15,44.35,45.19,43.31,43.33,7010100,43.33
297,2019-07-22,43.26,43.8,42.17,43.48,5362700,43.48
298,2019-07-29,43.48,48.22,41.17,44.76,14355100,44.76
299,2019-08-05,43.77,45.54,42.17,43.68,5691400,43.68
300,2019-08-12,43.32,43.45,39.05,40.46,8638400,40.46
301,2019-08-19,41.41,41.87,39.78,40.05,6569800,40.05
302,2019-08-26,40.48,41.11,39.24,39.64,8421600,39.64
303,2019-09-02,39.3,39.81,33.82,34.19,9196400,34.19
304,2019-09-09,35.38,35.48,32.55,34.48,13300700,34.48
305,2019-09-16,34.22,35.2,32.88,33.28,6841200,33.28
306,2019-09-23,33.33,34.42,29.35,30.05,11024600,30.05
307,2019-09-30,30.1,30.53,28.29,30.49,11442100,30.49
308,2019-10-07,30.47,32.67,30.15,32.13,8323300,32.13
309,2019-10-14,32.13,33.16,31.9,32.37,5806700,32.37
310,2019-10-21,32.45,33.12,31.4,32.71,6833500,32.71
311,2019-10-28,32.8,32.92,30.35,30.75,9020300,30.75
312,2019-11-04,30.9,35.57,29.17,34.05,17045300,34.05
313,2019-11-11,34.01,37.26,34.01,36.57,4833000,36.57
314,2019-11-18,36.56,37.14,35.92,36.6,4006600,36.6
315,2019-11-25,37.24,39.73,37.05,38.77,3807100,38.77
316,2019-12-02,38.84,38.94,37.22,37.95,3885400,37.95
317,2019-12-09,37.83,38.18,36.76,37.62,3551500,37.62
318,2019-12-16,37.82,39.45,37.82,38.35,5770700,38.35
319,2019-12-23,38.49,39.33,37.89,38.24,2540400,38.24
320,2019-12-30,38.28,39.2,37.56,38.31,3453700,38.31
321,2020-01-06,38.08,40.74,37.96,40.24,6263900,40.24
322,2020-01-13,40.5,43.53,40.29,43.33,6997700,43.33
323,2020-01-20,43.4,43.87,42.16,42.72,5070700,42.72
324,2020-01-27,41.72,42.82,40.77,41.23,5642500,41.23
325,2020-02-03,41.42,43.47,41.42,42.71,7069600,42.71
326,2020-02-10,43,44.9,39.03,40.08,19070200,40.08
327,2020-02-17,40.11,41.54,39.48,40.03,5065300,40.03
328,2020-02-24,38.51,39.91,35.88,39.21,9587800,39.21
329,2020-03-02,39.41,40.75,37.63,39.16,7229800,39.16
330,2020-03-09,37.01,39.91,34.02,36.1,15086300,36.1
331,2020-03-16,31.52,35.24,25.89,29.64,15495800,29.64
332,2020-03-23,30.13,37.1,29.23,36.26,12043200,36.26
333,2020-03-30,36.37,37.5,32.53,34.25,9997300,34.25
334,2020-04-06,35.07,37.69,33.55,37.65,7227000,37.65
335,2020-04-13,37.66,40.28,34.94,36.75,10603900,36.75
336,2020-04-20,36.18,39.59,34.93,39.47,6354000,39.47
337,2020-04-27,40.14,43.29,40.01,42.36,9794300,42.36
338,2020-05-04,41.93,63.5,41.24,63.13,69250400,63.13
339,2020-05-11,62.49,67.98,60.41,66.66,21477500,66.66
340,2020-05-18,66.19,66.87,61,64.91,15264600,64.91
341,2020-05-25,65.75,65.96,55.7,61.08,12771600,61.08
342,2020-06-01,61.8,65.39,57.08,58.54,17120500,58.54
343,2020-06-08,57.58,60.03,54.85,56.9,14108900,56.9
344,2020-06-15,57.43,69.05,56.9,67.81,21153700,67.81
345,2020-06-22,69.27,70.57,62.52,65.42,32441200,65.42
346,2020-06-29,65.7,71.24,63.69,70.2,13198700,70.2
347,2020-07-06,71.34,75.24,69.65,75.02,13891700,75.02
348,2020-07-13,77.12,77.42,67.07,73,13180500,73
349,2020-07-20,73.5,79.09,71.41,73.42,11369100,73.42
350,2020-07-27,74.3,81.03,72.55,80.97,12347400,80.97
351,2020-08-03,84.6,89.82,80.46,86.98,28604100,86.98
352,2020-08-10,87.9,88.32,73.93,77.14,17970200,77.14
353,2020-08-17,78.44,82.07,75.69,77.79,19571200,77.79
354,2020-08-24,78.19,78.67,72.05,72.96,15811300,72.96
355,2020-08-31,73.25,78.29,63.52,67.94,20049400,67.94
356,2020-09-07,65.88,69.15,64.7,65.65,8970300,65.65
357,2020-09-14,66.59,67.59,62.84,64.1,9043100,64.1
358,2020-09-21,63.76,71.52,63.75,69.66,13882700,69.66
359,2020-09-28,70.24,74.71,70,72.57,6799000,72.57
360,2020-10-05,72.77,82.25,71.54,81.38,8057000,81.38
361,2020-10-12,82.42,86.23,81.23,84.39,8393500,84.39
362,2020-10-19,85.5,89.08,84.57,86.76,8628600,86.76
363,2020-10-26,87.03,89.99,72.54,73.44,18570500,73.44
364,2020-11-02,74.85,78.99,71.92,77.23,7047400,77.23
365,2020-11-09,71.51,72.38,64.8,70.39,14744800,70.39
366,2020-11-16,67.79,72.76,66.9,71.02,11122300,71.02
367,2020-11-23,70.83,75.25,68.1,75.01,9657400,75.01
368,2020-11-30,77.43,78.8,75.26,75.94,8990800,75.94
369,2020-12-07,76.94,82.75,76.24,81.95,7858700,81.95
370,2020-12-14,81.27,88.77,81,87.5,9207300,87.5
371,2020-12-21,87.95,95.2,86.57,92.41,8111600,92.41
372,2020-12-28,93.19,93.69,87.07,90.33,4891600,90.33
373,2021-01-04,90.25,96.89,85.87,96.63,9357700,96.63
374,2021-01-11,95,104.82,94.55,97.77,7371300,97.77
375,2021-01-18,98.21,102.12,95.91,96.87,6406600,96.87
376,2021-01-25,98.48,104,90.51,95.26,10737000,95.26
377,2021-02-01,96.14,103.14,94.69,102.15,6148200,102.15
378,2021-02-08,104,113.96,100.1,113.51,14199400,113.51
379,2021-02-15,113.43,115.21,101.11,108.78,12641100,108.78
380,2021-02-22,108.09,108.27,91.59,96.53,12687100,96.53
381,2021-03-01,98.4,100.19,81.45,87.55,14787100,87.55
382,2021-03-08,87,90.84,80.48,89.2,10403800,89.2
383,2021-03-15,90,95.39,88.48,91.69,8359500,91.69
384,2021-03-22,92.41,94.25,82.34,85.3,6216000,85.3
385,2021-03-29,84.4,89.09,80.33,88.25,5420700,88.25
386,2021-04-05,89.06,91.55,87.14,89.63,4762200,89.63
387,2021-04-12,88.72,92.73,87.18,92.2,5047400,92.2
388,2021-04-19,91,95.6,88.59,92.03,7024800,92.03
389,2021-04-26,93.37,96.94,89.79,90.33,4666100,90.33
390,2021-05-03,91.11,91.52,80.16,85.16,14969100,85.16
391,2021-05-10,84.19,84.68,75.08,77.35,11350000,77.35
392,2021-05-17,76.58,78.63,72.5,73.85,10284300,73.85
393,2021-05-24,74.63,77.74,72.91,76.91,7568300,76.91
394,2021-05-31,76.86,77.5,72.41,72.78,5198500,72.78
395,2021-06-07,72.5,76.88,71.66,76.75,5145700,76.75
396,2021-06-14,77.09,80.62,75.61,79.99,6107000,79.99
397,2021-06-21,79.44,84.05,78.61,82.95,6276300,82.95
398,2021-06-28,83.48,85.64,81.69,84.17,4945300,84.17
399,2021-07-05,84.3,87.85,81.43,85.24,3968300,85.24
400,2021-07-12,85.24,86.17,80.21,81.58,3845700,81.58
401,2021-07-19,80.35,88.24,80,88.06,4140700,88.06
402,2021-07-26,87.5,90.5,83.12,88.63,4595600,88.63
403,2021-08-02,89.13,89.83,83.62,83.95,4180200,83.95
404,2021-08-09,83.86,85.71,79.43,83.25,10219800,83.25
405,2021-08-16,82.78,82.8,76.98,78.86,5436100,78.86
406,2021-08-23,79.11,82.45,79.01,81.21,3772100,81.21
407,2021-08-30,81.77,87.13,81.29,86.62,5438500,86.62
408,2021-09-06,86.7,87,78.48,78.54,5066400,78.54
409,2021-09-13,78.19,78.89,72.65,78.25,10543400,78.25
410,2021-09-20,76.83,77.22,72.4,72.85,6502000,72.85
411,2021-09-27,72.03,72.85,67.09,68.62,7230600,68.62
412,2021-10-04,68.35,71.31,62.34,63.67,9854600,63.67
413,2021-10-11,63.11,65.22,60.57,61.28,11022500,61.28
414,2021-10-18,61.37,65.09,59.69,59.86,9262500,59.86
415,2021-10-25,59.93,60.43,57.25,59.44,9990400,59.44
416,2021-11-01,59.59,63.12,30.59,30.64,132812200,30.64
417,2021-11-08,30.84,31.45,29.21,29.42,30416700,29.42
418,2021-11-15,29.35,30.28,26.3,26.53,26559400,26.53
419,2021-11-22,26.5,26.5,24.25,24.99,17482900,24.99
420,2021-11-29,25.6,29.43,25.3,28.56,37534100,28.56
421,2021-12-06,28.66,30.17,27.25,27.57,27187200,27.57
422,2021-12-13,27.72,29.66,26.72,29.46,19501700,29.46
423,2021-12-20,29.18,31.41,28.85,30.55,13823600,30.55
424,2021-12-27,30.26,31.31,28.81,30.7,13987700,30.7
425,2022-01-03,30.81,31.32,28.75,29.55,18328300,29.55
426,2022-01-10,29.12,30.69,27.87,28.94,19666700,28.94
427,2022-01-17,28.8,29.06,25.78,26.21,16657900,26.21
428,2022-01-24,25.6,26.9,23.23,24.37,23489300,24.37
429,2022-01-31,24.62,27.64,24.5,26.31,15499400,26.31
430,2022-02-07,26.34,33.1,26.26,30.73,45633400,30.73
431,2022-02-14,30.45,31.44,28.15,28.29,11436300,28.29
432,2022-02-21,27.86,31.02,27.58,31.01,12945900,31.01
433,2022-02-28,30.7,32.23,30.35,30.74,12916300,30.74
434,2022-03-07,30.94,31.93,29.83,30.07,13101700,30.07
435,2022-03-14,29.81,33.8,29.59,33.73,13726900,33.73
436,2022-03-21,33.6,35.8,32.95,35.41,10069300,35.41
437,2022-03-28,35.46,37.07,35.15,36.52,9174100,36.52
438,2022-04-04,36.74,37.64,34.73,35.2,9105900,35.2
439,2022-04-11,34.69,36.03,31.89,32.36,9301800,32.36
440,2022-04-18,32.16,32.65,26.55,26.74,11840200,26.74
441,2022-04-25,26.47,27.37,24.62,24.74,11313600,24.74
442,2022-05-02,24.61,25.45,15.66,18.65,95071700,18.65
443,2022-05-09,18.33,18.74,16.17,18.2,20278100,18.2
444,2022-05-16,18.29,20.41,17.3,18.6,19187700,18.6
445,2022-05-23,18.61,19.37,17.56,19.34,11496300,19.34
446,2022-05-30,19.38,21.85,18.57,21.14,11034800,21.14
447,2022-06-06,21.47,21.79,18.78,18.95,10196600,18.95
448,2022-06-13,18.06,19.16,16.72,19.15,13569200,19.15
449,2022-06-20,19.12,20.01,18.23,19.39,25950800,19.39
450,2022-06-27,19.45,19.79,17.52,19.15,11836200,19.15
451,2022-07-04,18.71,19.47,17.98,19.37,9860500,19.37
452,2022-07-11,19.2,19.43,17.43,19.42,8236700,19.42
453,2022-07-18,19.5,21.11,19.27,20.47,9190200,20.47
454,2022-07-25,20.5,21.37,19.71,21.3,7335900,21.3
455,2022-08-01,21.5,23.86,20.83,23.59,11319400,23.59
456,2022-08-08,23.69,23.92,21.37,22.6,7033000,22.6
457,2022-08-15,22.42,22.85,20.37,21.15,8387500,21.15
458,2022-08-22,20.76,20.85,19.15,19.34,6749400,19.34
459,2022-08-29,19.09,20.64,19.07,20.64,8656500,20.64
460,2022-09-05,20.71,23.47,20.25,23.07,5977800,23.07
461,2022-09-12,23.04,23.37,20.98,21.13,8584500,21.13
462,2022-09-19,21.04,21.86,18.68,18.95,7424500,18.95
463,2022-09-26,19.95,22.76,19.92,21.07,9735200,21.07
464,2022-10-03,21.23,22.42,20.62,21.1,5545400,21.1
465,2022-10-10,21.14,22.2,19.93,20.02,6418000,20.02
466,2022-10-17,20.63,22.79,20.59,21.5,6343500,21.5
467,2022-10-24,21.49,22.89,20.19,22.81,5638300,22.81
468,2022-10-31,22.51,27.83,21.07,25.89,20247000,25.89
469,2022-11-07,26.1,29.07,25.25,28.21,8337500,28.21
470,2022-11-14,28.12,29.33,26.93,28.29,7089800,28.29
471,2022-11-21,28.04,28.94,27.83,28.56,3204200,28.56
472,2022-11-28,28.34,30.05,27.91,29.69,6457600,29.69
473,2022-12-05,29.55,29.75,27.16,27.19,5154900,27.19
474,2022-12-12,26.96,28.99,26.37,27.72,7145200,27.72
475,2022-12-19,27.65,28.22,25.5,26,5444800,26
476,2022-12-26,25.89,25.89,25.04,25.27,3459600,25.27
477,2023-01-02,25.73,26.67,25.08,25.68,5436000,25.68
478,2023-01-09,26.03,26.51,23.77,24.62,10014100,24.62
479,2023-01-16,24.61,24.81,20.06,20.56,17607300,20.56
480,2023-01-23,20.62,21.27,19.77,20.59,12199700,20.59
481,2023-01-30,20.19,22.02,20.16,21.34,12744400,21.34
482,2023-02-06,21,21.42,16.12,16.95,37048500,16.95
483,2023-02-13,16.92,17.26,16.22,16.36,10433100,16.36
484,2023-02-20,16.23,16.35,15.55,15.99,11059300,15.99
485,2023-02-27,16.04,16.63,15.3,16.6,15638500,16.6
486,2023-03-06,16.57,17.31,15.76,15.89,12245800,15.89
487,2023-03-13,15.65,16.65,15.52,16.28,11758300,16.28
488,2023-03-20,16.06,16.2,15.25,15.68,13199200,15.68
489,2023-03-27,15.87,16.45,15.68,16.3,14333800,16.3
490,2023-04-03,16.3,16.42,15.86,16.23,8828600,16.23
491,2023-04-10,16.07,18.33,15.99,18.28,16998300,18.28
492,2023-04-17,18.28,18.77,17.28,18.48,15591900,18.48
493,2023-04-24,18.48,18.71,17.91,17.98,12573300,17.98
494,2023-05-01,17.87,17.92,8.72,10.14,111839900,10.14
